V_ms,rpm,T_av_N,H_N,Q_Nm,Mr_Nm,T_ar_N
0,3000,1.2154,0,0.016964,0,1.2154
0,3500,1.6543,0,0.02309,0,1.6543
0,4000,2.1607,0,0.030158,0,2.1607
0,4500,2.7347,0,0.038169,0,2.7347
0,5000,3.3762,0,0.047122,0,3.3762
0,5500,4.0852,0,0.057018,0,4.0852
0,6000,4.8617,0,0.067856,0,4.8617
0,6500,5.7057,0,0.079637,0,5.7057
0,7000,6.6173,0,0.09236,0,6.6173
0,7500,7.5964,0,0.10603,0,7.5964
0,8000,8.643,0,0.12063,0,8.643
0,8500,9.7571,0,0.13618,0,9.7571
0,9000,10.939,0,0.15268,0,10.939
5,3000,1.5732,0.052139,0.016566,0.021484,1.454
5,3500,2.0564,0.061416,0.022799,0.024677,1.9359
5,4000,2.605,0.070183,0.030091,0.027807,2.4801
5,4500,3.2162,0.078412,0.038378,0.030579,3.0867
5,5000,3.8869,0.086115,0.047589,0.033416,3.7566
5,5500,4.6188,0.094086,0.05771,0.036423,4.4903
5,6000,5.4166,0.1024,0.068779,0.039698,5.2866
5,6500,6.2821,0.11077,0.080806,0.042956,6.1477
5,7000,7.2124,0.11868,0.093753,0.045906,7.0747
5,7500,8.2059,0.12669,0.1076,0.048993,8.0676
5,8000,9.2663,0.1348,0.12239,0.052176,9.1248
5,8500,10.393,0.14336,0.13812,0.055436,10.246
5,9000,11.589,0.15193,0.15481,0.058705,11.43
9,3000,1.8511,0.086725,0.015876,0.045583,1.6056
9,3500,2.4125,0.10438,0.021796,0.051205,2.1156
9,4000,3.0411,0.12223,0.028796,0.056795,2.7006
9,4500,3.7262,0.13939,0.036804,0.061541,3.3574
9,5000,4.466,0.15583,0.045794,0.065877,4.0833
9,5500,5.2606,0.17227,0.05575,0.070702,4.8744
9,6000,6.1167,0.18902,0.066755,0.076378,5.7293
9,6500,7.0397,0.20556,0.078826,0.082339,6.6465
9,7000,8.027,0.22123,0.091955,0.087975,7.626
9,7500,9.0797,0.23651,0.10611,0.093119,8.6687
9,8000,10.191,0.2512,0.12121,0.098093,9.7726
9,8500,11.362,0.26509,0.13724,0.10311,10.94
9,9000,12.594,0.27901,0.15419,0.10827,12.171
13,3000,2.0896,0.11662,0.016125,0.071321,1.809
13,3500,2.6925,0.14,0.021645,0.080748,2.3239
13,4000,3.3706,0.16432,0.028184,0.089512,2.9149
13,4500,4.1198,0.18936,0.035773,0.097837,3.5813
13,5000,4.9383,0.21491,0.044446,0.10594,4.3264
13,5500,5.8244,0.24072,0.054205,0.11404,5.147
13,6000,6.7719,0.26611,0.064993,0.12166,6.0412
13,6500,7.7744,0.29082,0.076788,0.1284,7.0049
13,7000,8.83,0.31467,0.089556,0.13471,8.0385
13,7500,9.9422,0.33827,0.10329,0.14099,9.1385
13,8000,11.109,0.36213,0.11801,0.1484,10.303
13,8500,12.338,0.38631,0.13379,0.15655,11.53
13,9000,13.634,0.41042,0.15063,0.16508,12.821
