V_ms,rpm,Fx,Fy,Fz,Mx,My,Mz
0,3000,0,0,4.8617,-0.66119,-1.6384,0
0,3500,0,0,6.6173,-0.89995,-2.23,0
0,4000,0,0,8.643,-1.1754,-2.9127,0
0,4500,0,0,10.939,-1.4877,-3.6864,0
0,5000,0,0,13.505,-1.8366,-4.5511,0
0,5500,0,0,16.341,-2.2223,-5.5068,0
0,6000,0,0,19.447,-2.6448,-6.5535,0
0,6500,0,0,22.823,-3.1039,-7.6913,0
0,7000,0,0,26.469,-3.5998,-8.9201,0
0,7500,0,0,30.385,-4.1324,-10.24,0
0,8000,0,0,34.572,-4.7018,-11.651,0
0,8500,0,0,39.028,-5.3079,-13.153,0
0,9000,0,0,43.755,-5.9507,-14.745,0
5,3000,-0.77462,-1.5407e-33,6.0544,-0.82339,-2.9796,-0.10535
5,3500,-0.81024,0,7.9845,-1.0859,-3.6745,-0.11019
5,4000,-0.84462,-6.163e-33,10.17,-1.3831,-4.4554,-0.11487
5,4500,-0.87791,1.2326e-32,12.606,-1.7144,-5.3194,-0.1194
5,5000,-0.91,1.2326e-32,15.287,-2.079,-6.2628,-0.12376
5,5500,-0.94225,-1.2326e-32,18.218,-2.4777,-7.2894,-0.12815
5,6000,-0.97493,1.2326e-32,21.407,-2.9113,-8.4048,-0.13259
5,6500,-1.0082,0,24.86,-3.3809,-9.6115,-0.13712
5,7000,-1.0407,0,28.574,-3.8861,-10.905,-0.14154
5,7500,-1.0738,0,32.547,-4.4264,-12.285,-0.14603
5,8000,-1.1063,-2.4652e-32,36.782,-5.0024,-13.753,-0.15046
5,8500,-1.1392,2.4652e-32,41.278,-5.6139,-15.312,-0.15493
5,9000,-1.1728,0,46.037,-6.2611,-16.962,-0.1595
9,3000,-2.1911,0,6.9134,-0.94023,-4.9161,-0.29799
9,3500,-2.2591,0,9.0562,-1.2316,-5.7455,-0.30724
9,4000,-2.3272,0,11.483,-1.5618,-6.6674,-0.3165
9,4500,-2.394,-1.5407e-33,14.167,-1.9267,-7.667,-0.32558
9,5000,-2.4587,-6.163e-33,17.099,-2.3254,-8.741,-0.33438
9,5500,-2.5226,-1.2326e-32,20.27,-2.7567,-9.8901,-0.34308
9,6000,-2.5869,0,23.692,-3.2221,-11.123,-0.35181
9,6500,-2.6505,0,27.372,-3.7226,-12.444,-0.36047
9,7000,-2.7122,0,31.306,-4.2576,-13.849,-0.36886
9,7500,-2.773,-6.163e-33,35.497,-4.8275,-15.341,-0.37713
9,8000,-2.8326,0,39.928,-5.4301,-16.911,-0.38524
9,8500,-2.8907,2.4652e-32,44.604,-6.0662,-18.56,-0.39314
9,9000,-2.9484,0,49.53,-6.7361,-20.291,-0.40098
13,3000,-4.317,0,7.7972,-1.0604,-7.6036,-0.58711
13,3500,-4.4107,0,10.033,-1.3645,-8.513,-0.59986
13,4000,-4.5067,0,12.571,-1.7096,-9.5265,-0.61292
13,4500,-4.6042,-6.163e-33,15.402,-2.0947,-10.639,-0.62616
13,5000,-4.7025,0,18.53,-2.52,-11.848,-0.63954
13,5500,-4.8009,0,21.943,-2.9842,-13.149,-0.65293
13,6000,-4.8986,-6.163e-33,25.626,-3.4852,-14.535,-0.6662
13,6500,-4.9948,0,29.559,-4.02,-15.997,-0.67929
13,7000,-5.0886,-1.2326e-32,33.737,-4.5882,-17.53,-0.69205
13,7500,-5.1811,0,38.161,-5.19,-19.141,-0.70464
13,8000,-5.2736,0,42.823,-5.8239,-20.827,-0.71721
13,8500,-5.3664,2.4652e-32,47.737,-6.4922,-22.597,-0.72984
13,9000,-5.4589,0,52.91,-7.1958,-24.457,-0.74241
